max_amp,mean_amp,std_amp,rms,dominant_freq,duration,label
138476.49919924972,3112.083125125182,10111.382471758658,10111.382471758661,2.5483333333333333,600.0,1
396.34028294346444,59.770081841001655,77.5072765627663,77.5072765627663,1.0750000000000002,600.0,1
605.2069095242675,75.83980936586805,103.0207071690492,103.02070716906111,1.1633333333333333,600.0,1
420.60131816720366,76.30861698061968,97.48839075755777,97.48839075758235,1.3816666666666668,600.0,1
1699.5486006109918,124.71253497745636,211.97231449765403,211.9723144976602,1.155,600.0,1
898.4034302881372,157.8013459643869,203.41542697229963,203.41542697229985,2.7750000000000004,600.0,1
1277.3001955744194,198.8475680013469,261.3035620750889,261.30356207512114,1.0750000000000002,600.0,1
1770.490972632037,193.1599531505414,261.6671975632689,261.6671975632892,1.2166666666666668,600.0,1
931.4065302006557,161.97410435737422,207.68457057476186,207.6845705747648,1.3683333333333334,600.0,1
2448.1993515674776,212.1952253648089,313.5013667180992,313.5013667181627,1.0366666666666666,600.0,1
838.687640065745,151.0687439365387,194.29309711348478,194.2930971134849,2.44,600.0,1
976.1704272700672,150.54598834877493,194.94212941169275,194.9421294116934,4.223333333333334,600.0,1
1100.2898735421459,218.63742613855322,278.14198086987125,278.14198086987136,7.113333333333334,600.0,1
1363590.9176350688,9908.545911205629,51239.500146154496,51239.5001461545,2.5733333333333337,600.0,1
7281.465327512253,286.65114193168347,557.9886486981579,557.9886486981585,1.1933333333333334,600.0,1
10354.763839502479,265.8465899149786,657.363500554013,657.3635005540154,1.8050000000000002,600.0,1
11236.131607295052,247.46250614493096,706.7277865147523,706.7277865147563,1.9333333333333333,600.0,1
8912.277473642256,335.222905010364,718.4438016486641,718.4438016486641,1.0366666666666666,600.0,1
21516.776038600998,634.2561907609512,1598.4993268241126,1598.4993268241535,1.8066666666666669,600.0,1
22331.386074992643,806.4318202472936,2051.97703250899,2051.977032509045,1.6516666666666668,600.0,1
328.493308199279,61.66202101319517,79.35365661160803,79.35365661160851,2.166666666666667,600.0,1
1765.87422192336,98.73567070249631,217.78830821220544,217.78830821222206,1.4233333333333333,600.0,1
2475.2916092487817,231.35418425421213,346.17473936804674,346.1747393681325,1.2741975006125947,204.05,1
6069.376952943996,235.93124634365128,564.3957003544522,564.3957003544668,1.1483333333333334,600.0,1
2625.626182085729,147.07502384976348,276.6208638421766,276.6208638421769,1.1966666666666668,600.0,1
2625.6261820857276,121.10621254495481,264.0792893148143,264.07928931481814,1.1983333333333335,600.0,1
11268.728269512541,493.1879153399969,1206.8917061313227,1206.891706131326,1.0483333333333333,600.0,1
5468.134028497088,249.72003047780282,592.228634942187,592.2286349421989,1.0816666666666668,600.0,1
1224263.5657659867,37010.35762707645,109526.04835449776,109526.04835449798,2.2616666666666667,600.0,1
1282420.705992841,28087.174230317596,91879.05218969818,91879.05218969818,5.148333333333333,600.0,1
1208708.9532072828,42901.956951972956,116160.56043550848,116160.56043550847,3.8103651354534747,509.4,1
1064199.1660873536,8122.718439921811,49431.80625669567,49431.80625669567,2.475,600.0,1
1015805.2139154077,15106.861608489327,69545.19819594747,69545.19819594747,3.1683333333333334,600.0,1
15767.240390488038,505.289992521562,1164.5798598131146,1164.5798598131291,1.1633333333333333,600.0,1
387.71712732931564,44.384064061114486,57.30750225931919,57.307502259319286,1.3633333333333335,600.0,1
321.28906978378774,55.069938165797126,71.0643863513546,71.0643863513547,1.7000000000000002,600.0,1
275.4721912534271,56.70138882525138,72.53230662881397,72.53230662881448,1.3533333333333335,600.0,1
2673.112605359102,144.4294487594734,256.10461162045686,256.1046116204612,0.7833333333333334,600.0,1
101202.65680832468,1982.8382665781514,6123.808527493469,6123.808527493469,1.2000000000000002,600.0,1
670595.5145101789,615.7501056928817,11007.786690155677,11007.786690155677,5.365,600.0,1
64.3016053221233,1.2826041609191325,4.062106662924212,4.0621066629242115,2.5183333333333335,600.0,1
1.3644775031554641,0.19480574655829128,0.3090999357885455,0.30909993578854783,5.805000000000001,600.0,1
1.4953709778864877,0.21685588947534848,0.33023086961224113,0.33023086961224113,5.801666666666667,600.0,1
192259.7306843907,825.1088703900548,3067.1159703229714,3067.115970322972,4.46,600.0,1
28337.30119005052,1237.3413392297844,2844.7365540777173,2844.736554077718,1.1700000000000002,600.0,1
578.541835460869,91.82255168393324,117.55978183601562,117.5597818360162,1.37,600.0,1
4177.9548173033045,363.7653448574548,612.616445603603,612.6164456039993,1.1619421835531856,356.3,1
4177.95481730331,250.88401284324772,476.2924939795692,476.2924939795716,1.161763480290024,599.95,1
623.0886644262804,86.74210481961556,112.85720343841147,112.85720343841196,1.3683333333333334,600.0,1
13061.083083297113,574.4790633625969,1309.3318998490513,1309.3318998490515,1.5183333333333335,600.0,1
1672.9674540282144,134.08280360987237,235.5675840646058,235.56758406460764,1.1733333333333333,600.0,1
2.707597123137898,0.5020612076853594,0.6423583146073518,0.6423583146073615,0.88,600.0,1
320704.2512075675,6396.6051142503975,23123.003947611087,23123.003947611087,1.3933333333333333,600.0,1
15318.12242015237,455.54938345747354,1191.7327227281044,1191.7327227281055,2.4883333333333333,600.0,1
20612.039738793825,725.5974239848179,1670.4179332933827,1670.417933293391,1.5016666666666667,600.0,1
13234.867607228289,543.1125806030091,1220.2020093364945,1220.2020093364947,1.4633333333333334,600.0,1
15114.481162030044,549.4644053341221,1225.0452544368547,1225.0452544368723,1.04,600.0,1
25982.15504874903,875.0954718481798,2228.594082039611,2228.5940820397454,1.7416666666666667,600.0,1
4862.966709740041,270.4270787302519,548.6370199212354,548.6370199213625,1.1466666666666667,600.0,1
5178.94992473683,258.22016052606466,509.3338544964154,509.3338544964766,1.1666666666666667,600.0,1
597.4134118146676,92.9271831368967,122.19893353997433,122.19893353997784,1.3866666666666667,600.0,1
4201.4025127427785,264.0893107124363,517.6042883764874,517.6042883764883,1.0483333333333333,600.0,1
35975.104386500956,451.38102683943634,1786.0747350127501,1786.0747350128029,1.5983333333333334,600.0,1
45296.28740751146,1311.0600347637671,3294.555390351083,3294.555390351095,1.1466666666666667,600.0,1
10475.476995116831,525.0938789192719,1179.0362944462256,1179.036294446226,1.1416666666666668,600.0,1
15721.04836578679,561.6340033543293,1397.9157156557756,1397.9157156557767,1.4316666666666669,600.0,1
6386.824456486951,308.11829898679406,699.2965905317102,699.2965905317159,1.1433333333333333,600.0,1
2981.2116057290436,154.6183247668334,339.85823875160816,339.85823875161486,1.1333333333333333,600.0,1
15276.083011077277,701.568563068221,1660.9014037799227,1660.9014037799234,1.3233333333333335,600.0,1
954.0075343583096,67.51381942939524,120.11937628123374,120.11937628124646,1.3766666666666667,600.0,1
81111.72627615507,3651.7323706861807,8934.499895055069,8934.499895055145,1.1500000000000001,600.0,1
408.2733410800522,33.438461862235954,47.88675890085106,47.88675890086107,1.3583333333333334,600.0,1
38753.294087018665,1215.0324438276182,3264.6346942859855,3264.63469428616,1.3350000000000002,600.0,1
89101.9947784261,1948.8860611816408,6147.427472347847,6147.427472347847,1.4916666666666667,600.0,1
14306.755890453416,374.1773420230772,1007.8288234657286,1007.8288234657288,1.3716666666666668,600.0,1
2832.694051275752,95.84124151255119,253.7595752982003,253.75957529829628,0.9133333333333334,600.0,1
1000397.5077722165,10771.612585600655,47113.580555004206,47113.580555004206,1.8750000000000002,600.0,1
18323.06453049043,815.149431758528,1945.0236332318666,1945.0236332319193,1.2133333333333334,600.0,1
10327.842119582092,501.83544370830293,1191.9139181022745,1191.9139181022747,1.1633333333333333,600.0,1
673513.4489800618,5000.993713792756,37548.07755302183,37548.07755302183,7.093333333333334,600.0,0
158.0360143021016,18.345805788262325,23.881092685847527,23.881092685847907,3.461666666666667,600.0,0
108.99634509443905,21.30680059517,27.224630485039476,27.224630485039633,4.141666666666667,600.0,0
270.21319335064226,49.56339088619324,63.504896251673294,63.50489625167331,2.6750000000000003,600.0,0
37737.964552387195,218.30318823051545,1082.348392008057,1082.348392008057,2.7350000000000003,600.0,0
1133014.59453712,36481.66459492626,107733.89389731109,107733.89389731154,7.430000000000001,600.0,0
506.51057481986,79.67957754938276,103.04758919326218,103.04758919326228,2.75,600.0,0
497.2358574251436,85.15656269245433,109.23994443109875,109.23994443109903,3.4383333333333335,600.0,0
161.2757421489315,26.09234324061956,33.42175097728636,33.42175097728638,2.645,600.0,0
415.79576749058845,56.481313837565175,72.77789299192463,72.77789299192465,1.3716666666666668,600.0,0
309.47245794079635,51.32257354931269,65.91608979813695,65.916089798137,2.74,600.0,0
194.31486126093415,35.327056813373375,45.58266990828504,45.58266990828525,2.6183333333333336,600.0,0
233.58428172026964,41.54933650225165,53.184909956920905,53.18490995692105,2.5783333333333336,600.0,0
103.4204644823144,19.209523828731903,24.63217406004222,24.632174060042768,4.336666666666667,600.0,0
1301158.018396147,27466.85333038672,94325.51141512631,94325.5114151263,4.841666666666667,600.0,0
219.17363245785754,42.86993332448174,54.849161808880446,54.84916180888077,1.3816666666666668,600.0,0
292.553476994957,45.83109492835926,59.471781654401184,59.47178165440121,2.7416666666666667,600.0,0
362.84407876798946,61.83248627576703,79.38554752513446,79.3855475251345,2.6333333333333333,600.0,0
363.72509614944016,62.222852445475155,80.09814964848984,80.09814964848988,3.5000000000000004,600.0,0
429.99565946928146,80.75116676827396,103.50834189389028,103.50834189389032,2.4250000000000003,600.0,0
1178415.7936906493,50110.62639120001,128074.72058112924,128074.72058112924,2.0383333333333336,600.0,0
119.091836599184,19.938916592325945,25.68067732605063,25.68067732605079,2.766666666666667,600.0,0
3508.137319812923,770.1052334502889,997.8391655329713,997.8391655329713,7.713333333333334,600.0,0
70.35148676128547,12.710253836024883,16.324619612810743,16.32461961281136,2.6950000000000003,600.0,0
10086.236512471454,718.1965800838112,1029.3649377695049,1029.3649377695056,1.3616666666666668,600.0,0
0.0,0.0,0.0,0.0,0.0,600.0,0
290.19161863940116,50.58362431167111,65.0400553318691,65.04005533186914,4.3500000000000005,600.0,0
743.5219301295394,91.37271056910602,119.79908140878823,119.79908140878834,2.85,600.0,0
303.9947374009675,55.88413729872081,71.73891519498635,71.73891519498646,1.36,600.0,0
865.7403205999285,95.87427066593419,127.32860706519928,127.3286070651993,3.036666666666667,600.0,0
748055.7187796046,2675.093956050262,23827.81786492971,23827.81786492971,6.814080569322657,393.45,0
1.4125328766672802,0.280097960587191,0.38064944815347646,0.3806494481534769,5.798333333333334,600.0,0
103.68757336199984,14.813553683651987,19.016478944040305,19.016478944040685,1.3633333333333335,600.0,0
303.18442041216724,36.86073678055618,47.911441317613615,47.911441317613615,2.2883333333333336,600.0,0
214.98715143471975,31.009617708672657,41.34162376501463,41.34162376501463,2.6333333333333333,600.0,0
673338.6693770331,504.3896458503461,10970.007421862327,10970.007421862327,5.36,600.0,0
0.0,0.0,0.0,0.0,0.0,600.0,0
268.15511939394355,50.28956888610922,64.41044742902521,64.41044742902528,2.941666666666667,600.0,0
370.7270802131968,58.664362603567405,75.44379063284406,75.44379063284407,3.915,600.0,0
74.05608474727049,13.36606474115831,17.13923064513804,17.139230645138042,3.4933333333333336,600.0,0
315.63936732819457,67.66848399663235,86.57508702553251,86.5750870255326,1.3733333333333335,600.0,0
0.0,0.0,0.0,0.0,0.0,600.0,0
364.47208161621893,70.22427954951539,89.78058570751081,89.78058570751081,1.3466666666666667,600.0,0
702495.5061269604,4116.012876723339,33292.28142826801,33292.28142826802,4.898333333333333,600.0,0
302.5257812827966,49.71348136689328,63.62977946910711,63.62977946910713,2.5366666666666666,600.0,0
508.217956256046,54.37938559317626,70.52040359970795,70.52040359970837,1.6166666666666667,600.0,0
241.9321142457633,42.36097434782221,54.67833831095709,54.6783383109575,2.256666666666667,600.0,0
719790.8370685352,21444.665498002498,80277.87887186659,80277.87887186659,1.8416666666666668,600.0,0
416.37621505889695,76.01618991006261,97.16199754626375,97.16199754626413,1.4283333333333335,600.0,0
199.34600779439398,31.335587298022748,40.42156010943219,40.4215601094322,2.8533333333333335,600.0,0
660.4197326177617,128.93485566400446,166.27895699032211,166.27895699032223,2.5433333333333334,600.0,0
255.58265212543947,42.95941617627924,55.20195297022026,55.20195297022035,3.411666666666667,600.0,0
142.7017713137173,27.96187508902134,36.0273883776167,36.0273883776167,2.7283333333333335,600.0,0
164.61822225902048,32.30460176399417,41.24719419448903,41.247194194489325,2.4650000000000003,600.0,0
1.5074683262572175,0.3279920196067463,0.41634595835643223,0.4163459583564349,5.803333333333334,600.0,0
1207563.403863891,19047.19970536855,75461.03205053766,75461.03205053766,2.595,600.0,0
1114.278689712895,145.54999444642337,190.80542563947517,190.80542563947517,2.47,600.0,0
209.71472585130675,40.5567299992763,51.64148882509422,51.64148882509426,1.5866666666666667,600.0,0
197.50368071326724,24.690035538798476,31.278802765726287,31.278802765726287,1.3733333333333335,600.0,0
387.876988347334,69.92241684861739,90.09605923405245,90.09605923405246,2.455,600.0,0
1148.4625489114605,86.67044079164017,118.42813804955009,118.4281380495501,2.731666666666667,600.0,0
210.36067207262664,43.18539330523878,55.05458878938551,55.05458878938551,1.35,600.0,0
163.63501162402738,35.70301495697595,45.19521422315818,45.19521422315896,1.3566666666666667,600.0,0
75.17652685982051,13.681387479364114,17.60482051797844,17.604820517978442,4.116666666666667,600.0,0
264.1650760975087,22.30898413594187,30.468958125404246,30.46895812540451,2.1283333333333334,600.0,0
1137798.097315809,58915.97629029119,137435.57327428082,137435.57327544867,2.816455696202531,221.2,0
468.1019256742585,74.33768168493084,95.67585834053348,95.67585834053365,1.3766666666666667,600.0,0
279.35265935066275,38.39734630424072,49.14647387865896,49.146473878659,2.68,600.0,0
81.9722051665079,16.397792583457225,21.028447674902115,21.028447674902182,3.4383333333333335,600.0,0
307.27334855845044,60.60459507339886,77.77647297012186,77.77647297012216,1.3450000000000002,600.0,0
477.8981583840182,74.01687582364218,95.49095460962744,95.49095460962748,1.3633333333333335,600.0,0
5176.732915588692,67.01568471112134,242.81743086315774,242.81743086315788,1.3616666666666668,600.0,0
2885.4097797885706,66.88441864228227,135.71226036888834,135.7122603688884,3.185,600.0,0
110.55785210769479,21.080237065041004,26.807750653447584,26.807750653447915,4.128333333333334,600.0,0
515.0954541206942,97.05193358393397,124.17474255077303,124.1747425507731,1.3683333333333334,600.0,0
185.0876812491294,30.810590365924483,39.53758712275875,39.53758712275879,3.4183333333333334,600.0,0
365.2791931366154,70.36664560875953,89.90392050305184,89.90392050305188,2.746666666666667,600.0,0
61.37504743206429,16.875811855221905,21.182599097525983,21.18259927974595,3.248407643312102,15.7,0
917.2368231585464,63.695071924877666,91.64751642375916,91.64751642375917,4.008333333333334,600.0,0
3645.1070783041077,526.1768277718363,679.6115771559874,679.6115771559896,4.165,600.0,0
687056.7031467482,3956.784383763814,33509.446532581744,33509.446532581744,2.0566666666666666,600.0,0
442.74980070814075,77.57343843764589,100.16002011794225,100.16002011794225,1.3616666666666668,600.0,0
389.10746584214905,75.99148664225014,97.2396655072887,97.23966550728885,2.601666666666667,600.0,0
2514.916320804346,187.9062861230947,284.22434466867713,284.22434466867713,3.5083333333333337,600.0,0
347.497284914351,56.532246770970524,72.20967366247616,72.20967366247618,2.98,600.0,0
848.3984645271598,123.07190687349373,159.06905022107128,159.06905022107134,2.5933333333333337,600.0,0
262.47352094642736,34.97137205271761,45.45063641573435,45.45063641573437,3.121666666666667,600.0,0
803.8968674519413,126.98163740956407,163.1558084305381,163.15580843053837,1.3733333333333335,600.0,0
127.403971449494,19.573205415853785,25.145464445214646,25.145464445214994,1.3416666666666668,600.0,0
277.36876221763305,42.246742006573164,54.4116274486793,54.41162744867954,1.3733333333333335,600.0,0
1219932.6458882284,39079.101750555245,111803.1341024881,111803.13410248815,1.4616666666666667,600.0,0
646837.793052776,1210.744323588853,8705.98315005377,8705.98315005377,2.9833333333333334,600.0,0
130.76830676081835,25.113798116036083,32.07261864646879,32.07261864646901,1.3533333333333335,600.0,0
1270740.9563280318,43871.164138478554,117280.76934676703,117280.76934676735,4.638333333333334,600.0,0
106161.05826213461,497.0122668198181,1968.1742095051122,1968.1742095051127,6.206666666666667,600.0,0
172.4222251094194,23.875178865587213,30.761434280519893,30.761434280519893,4.220000000000001,600.0,0
2048.7388517131362,63.4266108815995,104.8399720931036,104.83997209310361,2.5833333333333335,600.0,0
464.5525951593207,89.712895458845,114.98715127943112,114.98715127943112,1.365,600.0,0
298.5874912981591,57.25445289942052,73.38858954001843,73.38858954001847,1.375,600.0,0
1142.5392945048088,158.0067752431985,206.0866176203171,206.0866176203171,2.6083333333333334,600.0,0
380.56591819788946,62.290446599163154,80.38432462835132,80.38432462835146,2.621666666666667,600.0,0
1239576.4316447033,40564.426863629786,112726.95938330631,112726.95938332012,3.030210090476921,326.05,0
279.50747666110726,47.59114101064706,61.07727347488282,61.07727347488529,1.6616666666666668,600.0,0
153.54792604556943,29.569024881702248,36.480640642631414,36.480640642631485,1.3566666666666667,600.0,0
491.11801628206763,74.80902248780488,96.1207797476033,96.12077974760331,1.3583333333333334,600.0,0
4740.772791967858,895.9664303265185,1139.4742225265895,1139.474222526597,6.510000000000001,600.0,0
247.73907949341327,49.99998064207926,63.94377023394061,63.943770233940924,1.3566666666666667,600.0,0
543.2865144859595,94.28004553561584,120.47472250898373,120.47472250898373,1.3766666666666667,600.0,0
287.57224466793224,62.648248115332294,80.23352078668742,80.23352078668742,3.5050000000000003,600.0,0
219.48246842316968,40.62098669408377,52.05810174700899,52.05810174700899,2.845,600.0,0
185.9412474011673,33.971983308797064,43.75619848336837,43.75619848336843,3.4633333333333334,600.0,0
431.67995996102326,82.30726449987071,105.21422030978788,105.21422030978788,2.75,600.0,0
287.1471354555723,59.08035457876594,76.14189491254635,76.14189491254642,2.746666666666667,600.0,0
151.0523695337517,21.101671379968717,27.46075830898721,27.46075830898759,1.3666666666666667,600.0,0
64.23998766807848,11.567210145014245,14.86139603519831,14.861396035198624,5.771666666666667,600.0,0
808.892699792031,135.57017073158715,174.45105866814814,174.4510586681482,2.6,600.0,0
311.36203469179725,58.352143097261134,74.82759066227563,74.82759066227565,1.6333333333333335,600.0,0
202.27476700000048,32.39119068396822,41.73616804255221,41.736168042552215,1.37,600.0,0
176.67658426825278,30.642388180890837,39.46644899402536,39.4664489940258,2.71,600.0,0
434.5103333346668,58.133510274515594,75.46113463769235,75.46113463769235,1.3716666666666668,600.0,0
245.30644571060122,43.27866639231747,55.36730902320514,55.367309023205955,2.2666666666666666,600.0,0
627859.0637694842,774.5066557530324,7986.147614922959,7986.147614922959,5.256666666666667,600.0,0
157.36481503976415,31.127364172990095,39.75482704627883,39.75482704627909,1.3716666666666668,600.0,0
1375.073525697902,218.61337101874446,284.7818372743121,284.7818372743121,2.646666666666667,600.0,0
447.95762781040133,68.70785111739264,90.91512271137917,90.91512271137937,2.526666666666667,600.0,0
3810.489442959772,166.736657426738,308.6178976442914,308.6178976442914,7.706666666666667,600.0,0
4652.691385957014,897.347748573708,1152.007163755322,1152.007163755322,7.666666666666667,600.0,0
3290.6959293721384,65.60738692490257,205.99049455594644,205.99049455594644,1.5933333333333335,600.0,0
93.07583220643252,14.610995912976994,19.107709342537827,19.107709342537827,2.981666666666667,600.0,0
1210414.0186352562,27436.409260342385,94014.91126882326,94014.9112688234,1.28,600.0,0
359.81182427341014,62.464864478245374,79.93438319840443,79.93438319840443,1.375,600.0,0
752.8892963624759,111.12129669576441,143.33503575237796,143.33503575237813,1.3772151898734177,592.5,0
2111.952687907423,357.2334460457968,457.1120424808654,457.1120424808654,3.141666666666667,600.0,0
259.74563707488954,51.81398151450699,66.23986198049806,66.23986198049833,3.431666666666667,600.0,0
98.42679303039688,18.16456124912073,23.26885435953714,23.26885435953715,1.3816666666666668,600.0,0
752.9252530602029,83.08918464828282,110.04625233066892,110.04625233066899,2.6683333333333334,600.0,0
1292.5538875146678,161.73644753186056,210.36153663328082,210.36153663328085,1.3666666666666667,600.0,0
875.6751080110968,78.21501392223232,102.81375724314124,102.81375724314131,1.3833333333333335,600.0,0
3700.5248063696845,122.41580872070925,255.33039141616555,255.3303914161656,2.5100000000000002,600.0,0
662519.5384771521,5403.351789761197,38602.614127819594,38602.6141278196,7.1016666666666675,600.0,0
122.14856671546968,27.137662898087495,34.25715556792265,34.25715556792309,1.3733333333333335,600.0,0
164.39393360461958,32.841243171806,41.904431006327435,41.90443100632746,4.325,600.0,0
795.3840279438443,150.6381696251515,192.8259568938512,192.82595689385138,2.6083333333333334,600.0,0
1499.7249396453003,83.44837292230835,122.39821575941613,122.39821575941647,2.6383333333333336,600.0,0
1433613.5796803203,25686.005324441358,89596.77926197746,89596.7792619775,2.4183333333333334,600.0,0
385.8889041088263,60.606801739358204,77.56533989397141,77.56533989397141,1.3883333333333334,600.0,0
80.96468287747251,13.368460276090424,17.2357920512206,17.23579205122087,3.421666666666667,600.0,0
485.9170554688789,71.3029375500915,91.57807014989866,91.57807014989919,4.216666666666667,600.0,0
636509.1759547429,232.16390432330599,7759.25952780156,7759.259527801558,5.2683333333333335,600.0,0
143.06755912221337,26.549368375162274,33.887514492351,33.8875144923516,1.725,600.0,0
119.50193331273525,16.50905716372781,21.50066023578494,21.500660235785197,3.641666666666667,600.0,0
346.65275045560554,65.80517721896875,84.08507889087025,84.0850788908703,1.3766666666666667,600.0,0
0.0,0.0,0.0,0.0,0.0,600.0,0
421.17384280166266,79.26123245435211,101.49536406698782,101.495364066988,2.3600000000000003,600.0,0
185.17052378805704,32.025272483459176,41.40162810560569,41.401628105605795,2.7750000000000004,600.0,0
207.43013100610534,40.78698814338125,52.39871871866184,52.39871871866185,2.7083333333333335,600.0,0
1185131.5565404631,47052.62804668261,119942.20796503524,119942.20796503525,7.396666666666667,600.0,0
644.7435120777557,107.09905754112643,138.65939834432604,138.65939834432615,2.5933333333333337,600.0,0
0.0,0.0,0.0,0.0,0.0,600.0,0
619.8645402646262,101.58993875655078,130.68943605328099,130.68943605328099,1.3683333333333334,600.0,0
156.02930232834356,29.22668488732664,37.35052131962106,37.35052131962106,2.7616666666666667,600.0,0
307.36531158935213,43.62084985497068,56.47399460807431,56.47399460807433,4.363333333333333,600.0,0
111.02032161602011,26.38967932374539,32.64727449936434,32.647274499364414,1.3616666666666668,600.0,0
100.18235771370081,15.737406145228373,20.299712008617576,20.299712008617643,1.4566666666666668,600.0,0
413.7040940423621,50.342530228617704,67.79647407574406,67.79647407574414,1.8333333333333335,600.0,0
150.34798059930907,30.265782529183188,38.60707858982831,38.6070785898287,1.375,600.0,0
407.5036634369941,66.24937453758429,84.91618548270691,84.91618548270776,1.3416666666666668,600.0,0
1205.4820188364015,114.66191332258357,158.79450705343356,158.79450705343373,3.74,600.0,0
180.01239846175466,26.062892081718,33.9992020440838,33.99920204408558,4.131666666666667,600.0,0
358.3926228819329,66.16785396426286,84.8053197197369,84.8053197197369,1.3583333333333334,600.0,0
480.3041303277126,42.85747935941427,59.53458164064697,59.534581640647026,2.3583333333333334,600.0,0
542130.8149517365,795.0328356693142,7992.6072016028365,7992.6072016028365,5.253333333333334,600.0,0
123.1799283674581,22.335694005783154,28.242138696283664,28.242138696284382,1.3766666666666667,600.0,0
6084.732955908832,159.0279277598377,372.2187011314861,372.21870113148617,4.233333333333333,600.0,0
549.897867248181,107.92519331425842,138.1496622043123,138.14966220431302,7.415,600.0,0
449.4442921950957,65.02477880918427,83.50631085815287,83.5063108581529,2.706666666666667,600.0,0
1008.6687359915832,163.4795332238896,211.6308478597177,211.6308478597177,2.5983333333333336,600.0,0
1205.772640022638,84.76105218751903,115.58078276689595,115.58078276689596,1.3900000000000001,600.0,0
420.72797713630274,76.50880973858207,98.7961559495304,98.79615594953042,1.3766666666666667,600.0,0
155.31867279207455,23.463935381481644,30.71872418738406,30.71872418738408,2.9033333333333333,600.0,0
329.1240105040839,58.24095143214743,74.27984429820187,74.27984429820188,2.75,600.0,0
183.22542078483764,33.94327761820581,43.81806576924846,43.81806576924848,3.1166666666666667,600.0,0
325.34927915148705,57.00071797986884,72.98096597782472,72.98096597782477,2.8983333333333334,600.0,0
239.24011522724845,44.57523855791854,56.93119567666088,56.93119567666089,1.7433333333333334,600.0,0
279.9990517160007,47.734621907407885,61.45978710065506,61.45978710065583,2.7600000000000002,600.0,0
3918.3421940172884,790.5140380878964,1012.3902681713124,1012.3902681713133,7.831666666666667,600.0,0
1.3721269129614693,0.31336384911087894,0.4073544213368617,0.4073544213368622,5.803333333333334,600.0,0
682.396516867433,132.02543236390153,168.91058768781772,168.91058768781772,2.686666666666667,600.0,0
572342.2354190521,279.7139458840721,7760.805949006104,7760.805949006105,2.641666666666667,600.0,0
660739.2638973178,1044.9829766434884,8710.285313189172,8710.285313189173,5.046666666666667,600.0,0
540.6410234160694,92.32265419023229,117.80665715518137,117.80665715518177,2.535,600.0,0
274.42732556106773,54.12671911169148,69.0673751815473,69.06737518154745,2.351666666666667,600.0,0
767.149692939024,69.43490324006956,90.81208044170015,90.81208044170033,1.8666666666666667,600.0,0
382.96602327121553,52.142441439238546,69.58755067073983,69.58755067074277,2.693877551020408,269.5,0
413.51034876646327,60.72242632748312,81.16190963088879,81.1619096308888,2.591666666666667,600.0,0
1747.9686904625532,386.71935267783186,489.44275007539136,489.4427500753922,6.6850000000000005,600.0,0
378.06024217357356,62.796843487984475,80.57998776446566,80.57998776446586,2.6500000000000004,600.0,0
384.2549669617652,73.60202875315257,94.30495658544373,94.30495658544395,1.3916666666666668,600.0,0
484.44349236547487,78.10900382656376,100.57479353749468,100.57479353749476,4.206666666666667,600.0,0
1162374.536350987,33204.75347951935,102738.83075665927,102738.83075665926,5.848333333333334,600.0,0
401.335899847789,72.47082998292835,92.74159450867758,92.74159450867761,1.385,600.0,0
870.3819045721857,148.14189003890843,188.9577013083657,188.9577013083708,2.851666666666667,600.0,0
1220.6368331750002,158.56629215022502,207.54028597515156,207.5402859751516,2.4533333333333336,600.0,0
188.9105934166054,36.62212053225926,46.43177316146388,46.4317731614639,1.375,600.0,0
325.4265823371436,53.037056395075695,68.04415792080566,68.04415792080725,1.3816666666666668,600.0,0
350.15018129407906,51.66634021858857,66.82507592989676,66.82507592989678,1.3683333333333334,600.0,0
93.44369944938353,15.817169978918253,20.204803055648494,20.204803055648526,1.375,600.0,0
395.3389899532167,71.99868152690618,92.2398113077618,92.2398113077629,2.841666666666667,600.0,0
152.93823273683768,33.81234605047225,43.54264688655978,43.542646886891035,2.301241194230124,149.05,0
121.5009089577879,23.712323538455806,30.34462052472365,30.344620524748038,4.126666666666667,600.0,0
185.3597334846122,35.40074805844177,44.84243815270203,44.842438152702265,1.3866666666666667,600.0,0
186.625146925406,29.54912918623102,38.012979921530615,38.01297992153068,4.136666666666667,600.0,0
1877.7980262107303,82.62489510046382,139.42946447385327,139.42946447385341,1.3883333333333334,600.0,0
1028.822329784463,157.3601501304897,204.02888173689547,204.0288817368955,1.3716666666666668,600.0,0
1247934.6069121067,44432.04904818285,118843.63202037584,118843.63202037582,5.236666666666667,600.0,0
80.53669926838005,15.124799243662089,19.39179613072762,19.391796130727627,3.41,600.0,0
110.3640668204934,20.185758321673603,25.87769650230389,25.877696502304282,1.5766666666666667,600.0,0
95.73313008266962,22.395770701916273,27.34037018717322,27.340370187173335,1.365,600.0,0
3676789.7724950765,847728.8571039931,1059619.1220655625,1059619.1220655693,5.821666666666667,600.0,0
459.8299327050048,69.59967956593619,89.02350369425116,89.02350369425118,4.24,600.0,0
1449.0118751910998,137.03006874424898,184.67596201752463,184.6759620175252,4.408333333333333,600.0,0
306.465086035667,56.93572523869368,72.95977964316602,72.95977964316698,1.3716666666666668,600.0,0
341.13094184078494,61.935579819399656,79.37377039736506,79.37377039736506,2.5766666666666667,600.0,0
902.7992346147205,65.37322930238423,90.34068403946856,90.3406840394689,2.3016666666666667,600.0,0
215.97559261109865,42.43791708468982,54.048361180574815,54.048361180575455,1.4000000000000001,600.0,0
