time,magnitude,lat,lon
2009-12-22T03:39:07.720000Z,5.0,10.224,40.846
2009-11-07T21:07:13.030000Z,4.3,12.115,45.924
2009-11-06T19:27:04.860000Z,4.9,12.05,45.828
2009-11-06T16:22:06.180000Z,4.1,11.931,45.823
2009-11-06T01:26:02.800000Z,4.8,12.018,44.683
2009-11-05T11:05:46.270000Z,4.5,12.196,45.801
2009-11-05T08:05:49.750000Z,5.2,12.101,45.903
2009-11-05T07:57:30.720000Z,5.4,12.075,45.924
2009-11-05T07:28:47.870000Z,4.0,12.129,45.746
2009-11-05T07:12:32.440000Z,5.6,12.108,45.907
2009-11-05T06:31:16.290000Z,4.3,12.085,45.93
2009-11-05T06:23:04.220000Z,5.1,12.137,45.812
2009-10-13T23:17:06.060000Z,4.3,11.983,46.033
2009-09-19T17:56:09.200000Z,4.5,9.563,40.181
2009-05-26T05:34:06.230000Z,4.4,11.935,43.905
2008-10-18T12:57:11.620000Z,4.0,12.382,40.693
2008-10-17T20:24:24.860000Z,4.5,12.146,40.492
2008-10-17T15:45:22.250000Z,4.3,12.383,40.55
2008-10-17T10:57:15.670000Z,4.9,12.335,40.646
2008-10-17T09:40:41.280000Z,4.9,12.386,40.613
2008-08-19T05:35:58.000000Z,4.0,11.773,45.503
2008-04-29T22:41:28.090000Z,4.4,11.354,43.123
2008-04-29T17:04:51.210000Z,4.1,11.513,43.031
2008-04-29T02:33:17.440000Z,4.5,11.751,42.84
2008-04-29T01:50:24.740000Z,4.1,11.721,42.834
2008-04-29T01:47:47.920000Z,4.3,11.652,42.953
2008-04-29T01:07:31.040000Z,5.0,11.715,42.808
2008-04-29T00:06:59.200000Z,5.0,11.683,42.986
2008-03-01T14:53:52.080000Z,4.5,11.804,43.951
2007-12-23T05:18:01.500000Z,4.6,4.762,36.228
2007-11-14T13:43:40.360000Z,4.1,12.464,47.215
2007-11-11T21:21:41.810000Z,4.7,12.15,40.687
2007-11-06T23:44:06.110000Z,4.4,13.572,39.929
2007-11-04T21:06:17.760000Z,4.5,13.358,39.891
2007-10-02T09:06:31.840000Z,5.0,13.439,40.828
2007-08-31T21:09:44.340000Z,5.1,12.606,47.989
2007-08-05T06:43:59.680000Z,4.6,12.538,47.502
2007-08-02T17:40:10.990000Z,4.2,12.469,47.604
2007-08-02T13:37:29.210000Z,5.7,12.511,47.462
2007-07-08T18:31:30.220000Z,4.1,10.327,40.257
2007-06-08T14:34:39.460000Z,4.3,12.458,47.453
2007-05-17T00:21:38.170000Z,4.4,9.765,40.669
2007-05-14T19:03:34.410000Z,4.5,12.552,47.519
2007-04-28T00:25:42.850000Z,4.6,12.05,43.865
2007-04-09T14:38:53.910000Z,4.3,12.103,43.737
2007-02-26T08:48:59.390000Z,5.0,9.974,42.876
2007-01-09T07:29:12.120000Z,4.1,14.984,42.071
2006-12-21T09:11:50.330000Z,4.5,11.973,44.229
2006-12-21T09:07:46.260000Z,5.0,12.039,43.55
2006-12-07T11:58:23.080000Z,4.9,12.274,45.99
2006-11-16T07:03:50.160000Z,4.3,12.067,46.113
2006-11-01T22:31:21.400000Z,4.4,5.781,36.976
2006-10-19T14:14:03.960000Z,4.1,13.553,39.854
2006-09-13T06:39:19.150000Z,4.7,11.791,43.081
2006-08-07T16:56:34.250000Z,4.7,11.428,45.195
2006-07-04T05:51:58.460000Z,4.5,7.917,39.009
2006-06-17T16:53:10.600000Z,4.3,12.237,40.526
2006-06-17T16:20:40.510000Z,4.5,12.315,40.54
2006-06-17T14:45:15.930000Z,4.6,12.399,40.801
2006-06-17T14:33:32.390000Z,4.4,12.238,40.512
2006-04-10T13:36:46.680000Z,4.9,14.529,39.939
2006-03-09T01:30:08.240000Z,4.4,5.355,32.177
2006-02-21T11:51:52.240000Z,4.0,11.91,42.973
2006-02-21T11:21:14.870000Z,4.4,11.571,43.135
2006-02-18T09:20:28.050000Z,4.5,11.519,42.827
2006-02-09T10:18:00.300000Z,4.5,11.733,42.97
2006-01-31T13:36:57.510000Z,4.0,14.568,41.584
2005-12-02T09:47:45.010000Z,4.6,11.807,43.54
2005-12-02T09:13:28.860000Z,4.3,11.784,43.535
2005-11-11T13:53:37.180000Z,4.2,12.052,45.857
2005-11-06T12:11:18.300000Z,4.5,11.696,43.625
2005-11-05T00:21:12.340000Z,4.7,11.916,43.649
2005-10-04T04:19:40.430000Z,4.5,12.461,40.646
2005-10-02T23:24:41.940000Z,4.9,12.02,40.537
2005-10-01T04:16:21.150000Z,4.5,12.598,40.822
2005-09-29T20:49:12.810000Z,4.0,12.148,40.736
2005-09-29T11:52:19.400000Z,4.8,12.423,40.578
2005-09-28T16:31:35.700000Z,5.1,12.443,40.634
2005-09-28T16:17:14.490000Z,4.2,11.97,40.328
2005-09-28T07:43:16.950000Z,4.6,11.717,40.289
2005-09-28T03:36:10.520000Z,4.4,12.553,40.585
2005-09-28T00:21:22.570000Z,4.7,12.323,40.396
2005-09-27T20:44:40.940000Z,4.1,12.384,40.404
2005-09-27T20:21:37.220000Z,4.7,12.215,40.63
2005-09-27T20:08:25.580000Z,4.3,12.286,40.545
2005-09-27T16:19:08.700000Z,4.6,12.341,40.595
2005-09-27T11:10:43.810000Z,4.5,12.236,40.37
2005-09-27T10:13:58.330000Z,4.7,12.55,40.556
2005-09-27T00:42:18.950000Z,4.2,11.929,40.272
2005-09-27T00:40:27.800000Z,4.5,12.519,40.71
2005-09-26T23:53:11.050000Z,4.5,12.46,40.449
2005-09-26T21:25:01.860000Z,5.0,12.338,40.617
2005-09-26T20:30:01.520000Z,5.1,12.458,40.538
2005-09-26T17:24:28.970000Z,4.6,12.053,40.626
2005-09-26T15:36:26.470000Z,4.7,12.532,40.579
2005-09-26T13:28:33.320000Z,5.2,12.386,40.578
2005-09-26T09:33:54.240000Z,5.2,12.429,40.602
2005-09-26T09:31:08.900000Z,4.4,12.45,40.63
2005-09-26T02:58:33.200000Z,4.6,12.638,40.605
2005-09-25T22:54:04.060000Z,4.3,12.331,40.568
2005-09-25T19:48:14.500000Z,4.2,11.947,40.491
2005-09-25T19:47:54.930000Z,4.2,12.197,40.619
2005-09-25T17:16:48.220000Z,4.5,12.322,40.511
2005-09-25T16:22:02.290000Z,4.8,12.436,40.617
2005-09-25T15:09:11.270000Z,4.6,12.002,40.37
2005-09-25T13:36:01.550000Z,4.1,12.169,40.426
2005-09-25T11:20:03.760000Z,5.1,12.421,40.578
2005-09-25T10:41:28.020000Z,4.4,12.214,40.465
2005-09-25T10:31:19.540000Z,4.6,12.213,40.493
2005-09-25T10:18:00.350000Z,4.6,12.486,40.475
2005-09-25T10:07:58.000000Z,4.8,12.447,40.621
2005-09-25T10:02:12.730000Z,5.0,12.366,40.505
2005-09-25T09:34:08.670000Z,4.1,12.206,40.682
2005-09-25T09:17:31.880000Z,4.4,12.08,40.474
2005-09-25T09:11:37.570000Z,4.7,12.499,40.518
2005-09-25T09:09:23.650000Z,4.5,12.094,40.588
2005-09-25T09:09:08.270000Z,4.5,12.127,40.524
2005-09-25T08:52:01.370000Z,4.4,12.187,40.472
2005-09-25T08:51:37.950000Z,4.1,12.64,40.678
2005-09-25T08:44:50.620000Z,4.0,12.579,40.465
2005-09-25T08:33:40.250000Z,4.6,12.323,40.483
2005-09-25T08:27:37.390000Z,4.5,12.148,40.365
2005-09-25T08:21:29.370000Z,4.6,12.193,40.498
2005-09-25T08:18:42.550000Z,5.0,12.441,40.495
2005-09-25T07:39:25.860000Z,4.6,11.985,40.441
2005-09-25T06:47:35.120000Z,4.5,12.099,40.51
2005-09-25T06:43:13.140000Z,4.2,11.998,40.446
2005-09-25T06:33:03.290000Z,4.2,11.846,40.5
2005-09-25T06:00:20.640000Z,4.3,12.199,40.511
2005-09-25T05:33:14.000000Z,4.1,12.05,40.509
2005-09-25T05:11:50.280000Z,4.5,12.316,40.59
2005-09-25T04:26:41.930000Z,4.4,11.936,40.449
2005-09-25T04:15:32.380000Z,4.4,12.352,40.651
2005-09-25T03:51:18.840000Z,4.7,12.253,40.463
2005-09-25T03:43:35.340000Z,4.3,11.999,40.426
2005-09-25T02:33:58.290000Z,4.1,12.046,40.579
2005-09-25T01:47:16.550000Z,4.0,12.367,40.606
2005-09-25T01:31:44.550000Z,4.6,12.223,40.547
2005-09-25T01:12:27.370000Z,4.7,12.348,40.495
2005-09-25T01:11:31.150000Z,4.6,12.423,40.462
2005-09-25T01:10:58.660000Z,4.9,12.26,40.513
2005-09-25T01:00:15.790000Z,4.1,11.597,40.375
2005-09-25T00:37:28.560000Z,5.0,12.447,40.603
2005-09-24T23:22:48.500000Z,4.7,12.389,40.578
2005-09-24T23:05:20.390000Z,4.8,12.386,40.662
2005-09-24T22:38:25.250000Z,4.3,11.859,40.432
2005-09-24T22:31:47.580000Z,4.4,12.1,40.472
2005-09-24T22:17:37.310000Z,4.4,12.482,40.704
2005-09-24T22:15:21.960000Z,4.5,12.304,40.656
2005-09-24T21:25:49.420000Z,4.3,11.8,40.396
2005-09-24T19:24:02.660000Z,5.5,12.471,40.634
2005-09-24T18:08:49.090000Z,4.4,12.429,40.461
2005-09-24T09:53:43.610000Z,4.7,12.345,40.453
2005-09-24T09:17:15.620000Z,4.8,12.514,40.361
2005-09-24T08:52:21.280000Z,4.6,12.69,40.516
2005-09-24T08:41:36.510000Z,4.3,12.616,40.566
2005-09-24T08:20:48.960000Z,5.1,12.543,40.389
2005-09-24T08:11:52.000000Z,4.4,12.448,40.552
2005-09-24T07:36:08.460000Z,5.2,12.617,40.535
2005-09-24T06:58:28.020000Z,5.3,12.572,40.569
2005-09-24T06:54:39.940000Z,4.2,12.408,40.324
2005-09-24T06:45:17.400000Z,4.0,12.601,40.576
2005-09-24T06:32:46.590000Z,4.3,12.691,40.637
2005-09-24T06:28:03.890000Z,4.6,12.669,40.49
2005-09-24T06:14:45.570000Z,4.7,12.291,40.452
2005-09-24T06:10:44.960000Z,4.5,12.607,40.404
2005-09-24T05:49:41.740000Z,4.1,12.42,40.319
2005-09-24T05:46:03.530000Z,4.5,12.569,40.418
2005-09-24T05:36:11.450000Z,4.8,12.501,40.461
2005-09-24T05:15:33.940000Z,5.2,12.674,40.519
2005-09-24T05:08:02.890000Z,4.1,12.296,40.191
2005-09-24T04:57:31.830000Z,4.1,12.636,40.468
2005-09-24T04:20:35.160000Z,4.6,12.606,40.568
2005-09-24T04:11:53.510000Z,4.5,12.681,40.463
2005-09-24T04:07:56.240000Z,4.2,12.643,40.472
2005-09-24T03:57:15.130000Z,4.7,12.6,40.401
2005-09-24T03:45:13.150000Z,4.2,12.863,40.762
2005-09-24T03:38:22.530000Z,4.5,12.643,40.562
2005-09-24T03:25:25.780000Z,4.8,12.732,40.427
2005-09-24T03:09:31.690000Z,4.4,12.386,40.426
2005-09-24T03:01:57.960000Z,4.3,12.679,40.629
2005-09-24T01:04:19.290000Z,4.1,12.377,40.423
2005-09-23T23:59:26.910000Z,4.2,12.59,40.622
2005-09-23T20:26:32.020000Z,4.8,12.575,40.472
2005-09-23T18:05:07.200000Z,4.3,12.202,40.251
2005-09-23T18:01:26.320000Z,4.4,12.638,40.489
2005-09-23T09:49:48.440000Z,4.0,12.513,40.597
2005-09-23T09:18:31.940000Z,4.4,12.578,40.545
2005-09-23T07:06:09.160000Z,4.3,12.566,40.586
2005-09-23T04:57:51.070000Z,4.8,12.55,40.598
2005-09-23T00:55:45.680000Z,4.3,12.281,40.475
2005-09-22T22:22:50.270000Z,4.4,12.518,40.485
2005-09-22T19:51:52.550000Z,5.1,12.398,40.442
2005-09-22T18:08:53.410000Z,4.5,12.468,40.34
2005-09-22T15:59:31.400000Z,4.5,12.694,40.375
2005-09-22T14:48:17.810000Z,4.5,13.029,40.748
2005-09-22T13:58:44.400000Z,5.2,12.702,40.553
2005-09-22T12:10:38.800000Z,4.2,12.045,40.413
2005-09-22T11:57:43.240000Z,4.4,12.595,40.516
2005-09-22T10:14:24.370000Z,4.8,12.627,40.499
2005-09-22T06:08:35.030000Z,4.4,12.271,40.419
2005-09-22T05:21:52.680000Z,4.7,12.719,40.343
2005-09-22T04:28:18.950000Z,4.5,12.726,40.505
2005-09-22T04:15:39.040000Z,4.5,12.655,40.494
2005-09-22T03:12:34.070000Z,5.2,12.697,40.461
2005-09-22T01:56:46.980000Z,4.5,12.498,40.643
2005-09-22T01:39:34.130000Z,4.6,12.153,40.455
2005-09-22T01:31:32.560000Z,4.7,12.777,40.445
2005-09-21T23:49:10.530000Z,4.4,12.603,40.422
2005-09-21T23:36:21.490000Z,4.4,11.978,40.323
2005-09-21T22:25:59.040000Z,4.0,12.465,40.453
2005-09-21T21:05:49.700000Z,4.5,12.625,40.659
2005-09-21T20:04:52.280000Z,4.8,12.545,40.499
2005-09-21T18:44:01.460000Z,4.5,12.437,40.39
2005-09-21T16:56:49.580000Z,4.3,11.974,40.244
2005-09-21T14:57:26.500000Z,5.0,12.535,40.465
2005-09-21T13:33:01.600000Z,4.6,12.514,40.507
2005-09-21T11:57:22.800000Z,4.6,12.411,40.418
2005-09-21T10:33:01.610000Z,4.4,12.357,40.378
2005-09-21T10:30:58.420000Z,4.2,13.189,40.759
2005-09-21T10:14:15.740000Z,4.2,13.499,40.494
2005-09-21T08:40:03.780000Z,4.3,12.601,40.44
2005-09-21T07:12:58.160000Z,4.4,12.391,40.498
2005-09-21T04:21:22.070000Z,4.4,12.654,40.527
2005-09-21T00:01:43.330000Z,4.4,12.815,40.44
2005-09-20T23:27:07.280000Z,4.6,12.775,40.289
2005-09-20T21:23:37.570000Z,5.4,12.707,40.526
2005-09-20T18:38:28.140000Z,4.4,12.572,40.6
2005-09-20T02:17:59.770000Z,4.8,12.416,40.466
2005-09-14T15:07:46.400000Z,4.7,12.486,40.423
2005-07-18T16:31:42.570000Z,4.5,12.727,40.754
2005-07-07T16:57:57.400000Z,4.7,6.289,37.697
2005-06-04T18:40:35.130000Z,4.5,12.749,40.691
2005-04-30T19:13:36.070000Z,4.1,11.413,43.183
2005-04-30T01:23:33.290000Z,4.6,11.858,43.45
2005-04-07T19:02:34.710000Z,4.8,11.979,46.253
2004-10-22T12:00:12.430000Z,5.5,14.166,40.296
2004-10-08T23:57:19.560000Z,4.2,12.087,45.715
2004-08-31T23:16:05.720000Z,4.2,14.744,39.711
2004-06-11T00:39:44.170000Z,4.5,13.067,39.751
2004-04-27T00:58:39.700000Z,4.1,5.392,37.274
2004-03-18T22:13:07.910000Z,4.6,5.354,32.046
2004-01-18T06:27:00.850000Z,4.6,10.656,39.668
2004-01-04T00:09:46.060000Z,5.4,11.64,43.192
2004-01-03T23:17:52.480000Z,5.2,11.511,43.041
